,empathy,relevance,fluency
gemini-1.5-flash_mean,0.0,0.0,0.0
gemini-1.5-flash_std,0.0,0.0,0.0
gpt-4o_mean,0.1,0.32,0.22
gpt-4o_std,0.30304576336566325,0.4712120714991612,0.41845195759648035
